22-01-2020,Australia,0,0,0
22-01-2020,China,548,17,28
22-01-2020,Germany,0,0,0
22-01-2020,India,0,0,0
22-01-2020,Japan,2,0,0
22-01-2020,Singapore,0,0,0
22-01-2020,South Korea,1,0,0
22-01-2020,US,1,0,0
23-01-2020,Australia,0,0,0
23-01-2020,China,643,18,30
23-01-2020,Germany,0,0,0
23-01-2020,India,0,0,0
23-01-2020,Japan,2,0,0
23-01-2020,Singapore,1,0,0
23-01-2020,South Korea,1,0,0
23-01-2020,US,1,0,0
24-01-2020,Australia,0,0,0
24-01-2020,China,920,26,36
24-01-2020,Germany,0,0,0
24-01-2020,India,0,0,0
24-01-2020,Japan,2,0,0
24-01-2020,Singapore,3,0,0
24-01-2020,South Korea,2,0,0
24-01-2020,US,2,0,0
25-01-2020,Australia,0,0,0
25-01-2020,China,1406,42,39
25-01-2020,Germany,0,0,0
25-01-2020,India,0,0,0
25-01-2020,Japan,2,0,0
25-01-2020,Singapore,3,0,0
25-01-2020,South Korea,2,0,0
25-01-2020,US,2,0,0
26-01-2020,Australia,4,0,0
26-01-2020,China,2075,56,49
26-01-2020,Germany,0,0,0
26-01-2020,India,0,0,0
26-01-2020,Japan,4,0,1
26-01-2020,Singapore,4,0,0
26-01-2020,South Korea,3,0,0
26-01-2020,US,5,0,0
27-01-2020,Australia,5,0,0
27-01-2020,China,2877,82,58
27-01-2020,Germany,1,0,0
27-01-2020,India,0,0,0
27-01-2020,Japan,4,0,1
27-01-2020,Singapore,5,0,0
27-01-2020,South Korea,4,0,0
27-01-2020,US,5,0,0
28-01-2020,Australia,5,0,0
28-01-2020,China,5509,131,101
28-01-2020,Germany,4,0,0
28-01-2020,India,0,0,0
28-01-2020,Japan,7,0,1
28-01-2020,Singapore,7,0,0
28-01-2020,South Korea,4,0,0
28-01-2020,US,5,0,0
29-01-2020,Australia,6,0,0
29-01-2020,China,6087,133,119
29-01-2020,Germany,4,0,0
29-01-2020,India,0,0,0
29-01-2020,Japan,7,0,1
29-01-2020,Singapore,7,0,0
29-01-2020,South Korea,4,0,0
29-01-2020,US,5,0,0
30-01-2020,Australia,9,0,2
30-01-2020,China,8141,171,133
30-01-2020,Germany,4,0,0
30-01-2020,India,1,0,0
30-01-2020,Japan,11,0,1
30-01-2020,Singapore,10,0,0
30-01-2020,South Korea,4,0,0
30-01-2020,US,5,0,0
31-01-2020,Australia,9,0,2
31-01-2020,China,9802,213,211
31-01-2020,Germany,5,0,0
31-01-2020,India,1,0,0
31-01-2020,Japan,15,0,1
31-01-2020,Singapore,13,0,0
31-01-2020,South Korea,11,0,0
31-01-2020,US,7,0,0
01-02-2020,Australia,12,0,2
01-02-2020,China,11891,259,272
01-02-2020,Germany,8,0,0
01-02-2020,India,1,0,0
01-02-2020,Japan,20,0,1
01-02-2020,Singapore,16,0,0
01-02-2020,South Korea,12,0,0
01-02-2020,US,8,0,0
02-02-2020,Australia,12,0,2
02-02-2020,China,16630,361,450
02-02-2020,Germany,10,0,0
02-02-2020,India,2,0,0
02-02-2020,Japan,20,0,1
02-02-2020,Singapore,18,0,0
02-02-2020,South Korea,15,0,0
02-02-2020,US,8,0,0
03-02-2020,Australia,12,0,2
03-02-2020,China,19716,425,595
03-02-2020,Germany,12,0,0
03-02-2020,India,3,0,0
03-02-2020,Japan,20,0,1
03-02-2020,Singapore,18,0,0
03-02-2020,South Korea,15,0,0
03-02-2020,US,11,0,0
04-02-2020,Australia,13,0,2
04-02-2020,China,23707,491,812
04-02-2020,Germany,12,0,0
04-02-2020,India,3,0,0
04-02-2020,Japan,22,0,1
04-02-2020,Singapore,24,0,0
04-02-2020,South Korea,16,0,0
04-02-2020,US,11,0,0
05-02-2020,Australia,13,0,2
05-02-2020,China,27440,563,1062
05-02-2020,Germany,12,0,0
05-02-2020,India,3,0,0
05-02-2020,Japan,23,0,1
05-02-2020,Singapore,28,0,0
05-02-2020,South Korea,19,0,0
05-02-2020,US,11,0,0
06-02-2020,Australia,14,0,2
06-02-2020,China,30587,633,1408
06-02-2020,Germany,12,0,0
06-02-2020,India,3,0,0
06-02-2020,Japan,23,0,1
06-02-2020,Singapore,28,0,0
06-02-2020,South Korea,23,0,0
06-02-2020,US,11,0,0
07-02-2020,Australia,15,0,2
07-02-2020,China,34110,718,1891
07-02-2020,Germany,13,0,0
07-02-2020,India,3,0,0
07-02-2020,Japan,23,0,1
07-02-2020,Singapore,30,0,0
07-02-2020,South Korea,24,0,1
07-02-2020,US,11,0,0
08-02-2020,Australia,15,0,2
08-02-2020,China,36814,805,2450
08-02-2020,Germany,13,0,0
08-02-2020,India,3,0,0
08-02-2020,Japan,24,0,1
08-02-2020,Singapore,33,0,2
08-02-2020,South Korea,24,0,1
08-02-2020,US,11,0,0
09-02-2020,Australia,15,0,2
09-02-2020,China,39829,905,3032
09-02-2020,Germany,14,0,0
09-02-2020,India,3,0,0
09-02-2020,Japan,24,0,1
09-02-2020,Singapore,40,0,2
09-02-2020,South Korea,25,0,3
09-02-2020,US,11,0,3
10-02-2020,Australia,15,0,2
10-02-2020,China,42354,1012,3686
10-02-2020,Germany,14,0,0
10-02-2020,India,3,0,0
10-02-2020,Japan,26,0,4
10-02-2020,Singapore,45,0,2
10-02-2020,South Korea,27,0,3
10-02-2020,US,11,0,3
11-02-2020,Australia,15,0,2
11-02-2020,China,44386,1112,4370
11-02-2020,Germany,16,0,0
11-02-2020,India,3,0,0
11-02-2020,Japan,27,0,9
11-02-2020,Singapore,47,0,9
11-02-2020,South Korea,28,0,3
11-02-2020,US,12,0,3
12-02-2020,Australia,15,0,2
12-02-2020,China,46267,1117,4782
12-02-2020,Germany,16,0,0
12-02-2020,India,3,0,0
12-02-2020,Japan,28,0,9
12-02-2020,Singapore,50,0,15
12-02-2020,South Korea,28,0,7
12-02-2020,US,12,0,3
13-02-2020,Australia,15,0,8
13-02-2020,China,59895,1369,5853
13-02-2020,Germany,16,0,1
13-02-2020,India,3,0,0
13-02-2020,Japan,33,1,9
13-02-2020,Singapore,58,0,15
13-02-2020,South Korea,28,0,7
13-02-2020,US,13,0,3
14-02-2020,Australia,15,0,8
14-02-2020,China,66358,1521,7533
14-02-2020,Germany,16,0,1
14-02-2020,India,3,0,0
14-02-2020,Japan,43,1,9
14-02-2020,Singapore,67,0,17
14-02-2020,South Korea,28,0,7
14-02-2020,US,13,0,3
15-02-2020,Australia,15,0,8
15-02-2020,China,68413,1663,8806
15-02-2020,Germany,16,0,1
15-02-2020,India,3,0,0
15-02-2020,Japan,54,1,12
15-02-2020,Singapore,72,0,18
15-02-2020,South Korea,28,0,9
15-02-2020,US,13,0,3
16-02-2020,Australia,15,0,8
16-02-2020,China,70513,1766,10210
16-02-2020,Germany,16,0,1
16-02-2020,India,3,0,3
16-02-2020,Japan,60,1,12
16-02-2020,Singapore,75,0,18
16-02-2020,South Korea,29,0,9
16-02-2020,US,13,0,3
17-02-2020,Australia,15,0,10
17-02-2020,China,72434,1864,11831
17-02-2020,Germany,16,0,1
17-02-2020,India,3,0,3
17-02-2020,Japan,67,1,12
17-02-2020,Singapore,77,0,24
17-02-2020,South Korea,30,0,10
17-02-2020,US,13,0,3
18-02-2020,Australia,15,0,10
18-02-2020,China,74211,2003,13548
18-02-2020,Germany,16,0,12
18-02-2020,India,3,0,3
18-02-2020,Japan,79,2,13
18-02-2020,Singapore,81,0,29
18-02-2020,South Korea,31,0,12
18-02-2020,US,13,0,3
19-02-2020,Australia,15,0,10
19-02-2020,China,74619,2116,15237
19-02-2020,Germany,16,0,12
19-02-2020,India,3,0,3
19-02-2020,Japan,85,2,18
19-02-2020,Singapore,84,0,34
19-02-2020,South Korea,31,0,12
19-02-2020,US,13,0,3
20-02-2020,Australia,15,0,10
20-02-2020,China,75077,2238,17208
20-02-2020,Germany,16,0,12
20-02-2020,India,3,0,3
20-02-2020,Japan,95,2,18
20-02-2020,Singapore,84,0,34
20-02-2020,South Korea,104,1,16
20-02-2020,US,13,0,3
21-02-2020,Australia,15,0,11
21-02-2020,China,75550,2238,17784
21-02-2020,Germany,16,0,14
21-02-2020,India,3,0,3
21-02-2020,Japan,112,2,22
21-02-2020,Singapore,85,0,37
21-02-2020,South Korea,204,2,16
21-02-2020,US,15,0,5
22-02-2020,Australia,15,0,11
22-02-2020,China,77001,2443,21666
22-02-2020,Germany,16,0,14
22-02-2020,India,3,0,3
22-02-2020,Japan,137,2,22
22-02-2020,Singapore,85,0,37
22-02-2020,South Korea,433,2,16
22-02-2020,US,15,0,5
23-02-2020,Australia,15,0,11
23-02-2020,China,77022,2445,22100
23-02-2020,Germany,16,0,14
23-02-2020,India,3,0,3
23-02-2020,Japan,149,2,22
23-02-2020,Singapore,89,0,51
23-02-2020,South Korea,602,6,18
23-02-2020,US,15,0,5
24-02-2020,Australia,15,0,11
24-02-2020,China,77241,2595,23838
24-02-2020,Germany,16,0,14
24-02-2020,India,3,0,3
24-02-2020,Japan,160,2,22
24-02-2020,Singapore,89,0,51
24-02-2020,South Korea,833,8,18
24-02-2020,US,15,0,5
25-02-2020,Australia,15,0,11
25-02-2020,China,77754,2665,26426
25-02-2020,Germany,17,0,14
25-02-2020,India,3,0,3
25-02-2020,Japan,173,3,22
25-02-2020,Singapore,91,0,53
25-02-2020,South Korea,977,10,22
25-02-2020,US,15,0,6
26-02-2020,Australia,15,0,11
26-02-2020,China,78166,2717,28790
26-02-2020,Germany,27,0,15
26-02-2020,India,3,0,3
26-02-2020,Japan,192,3,22
26-02-2020,Singapore,93,0,62
26-02-2020,South Korea,1261,12,22
26-02-2020,US,15,0,6
27-02-2020,Australia,15,0,11
27-02-2020,China,78600,2746,31588
27-02-2020,Germany,46,0,16
27-02-2020,India,3,0,3
27-02-2020,Japan,218,4,22
27-02-2020,Singapore,93,0,62
27-02-2020,South Korea,1766,13,22
27-02-2020,US,16,0,6
28-02-2020,Australia,15,0,11
28-02-2020,China,78928,2790,34940
28-02-2020,Germany,48,0,16
28-02-2020,India,3,0,3
28-02-2020,Japan,236,5,22
28-02-2020,Singapore,93,0,62
28-02-2020,South Korea,2337,13,22
28-02-2020,US,16,0,7
29-02-2020,Australia,25,0,11
29-02-2020,China,79356,2837,37868
29-02-2020,Germany,79,0,16
29-02-2020,India,3,0,3
29-02-2020,Japan,245,6,32
29-02-2020,Singapore,102,0,72
29-02-2020,South Korea,3150,16,27
29-02-2020,US,24,1,7
01-03-2020,Australia,27,1,11
01-03-2020,China,79932,2872,40670
01-03-2020,Germany,130,0,16
01-03-2020,India,3,0,3
01-03-2020,Japan,259,6,32
01-03-2020,Singapore,106,0,72
01-03-2020,South Korea,3736,17,30
01-03-2020,US,30,1,7
02-03-2020,Australia,30,1,11
02-03-2020,China,80136,2914,43353
02-03-2020,Germany,159,0,16
02-03-2020,India,5,0,3
02-03-2020,Japan,278,6,32
02-03-2020,Singapore,108,0,78
02-03-2020,South Korea,4335,28,30
02-03-2020,US,53,6,7
03-03-2020,Australia,39,1,11
03-03-2020,China,80261,2947,45919
03-03-2020,Germany,196,0,16
03-03-2020,India,5,0,3
03-03-2020,Japan,298,6,43
03-03-2020,Singapore,110,0,78
03-03-2020,South Korea,5186,28,30
03-03-2020,US,73,7,7
04-03-2020,Australia,52,2,11
04-03-2020,China,80386,2983,48466
04-03-2020,Germany,262,0,16
04-03-2020,India,28,0,3
04-03-2020,Japan,333,7,43
04-03-2020,Singapore,110,0,78
04-03-2020,South Korea,5621,35,41
04-03-2020,US,104,11,7
05-03-2020,Australia,55,2,21
05-03-2020,China,80537,3015,50749
05-03-2020,Germany,482,0,16
05-03-2020,India,30,0,3
05-03-2020,Japan,365,7,43
05-03-2020,Singapore,117,0,78
05-03-2020,South Korea,6088,35,41
05-03-2020,US,174,12,7
06-03-2020,Australia,60,2,21
06-03-2020,China,80690,3044,52395
06-03-2020,Germany,670,0,17
06-03-2020,India,31,0,3
06-03-2020,Japan,420,7,46
06-03-2020,Singapore,130,0,78
06-03-2020,South Korea,6593,42,135
06-03-2020,US,222,14,7
07-03-2020,Australia,63,2,21
07-03-2020,China,80770,3072,53988
07-03-2020,Germany,799,0,18
07-03-2020,India,34,0,3
07-03-2020,Japan,466,7,76
07-03-2020,Singapore,138,0,78
07-03-2020,South Korea,7041,44,135
07-03-2020,US,337,17,7
08-03-2020,Australia,76,3,21
08-03-2020,China,80823,3100,55834
08-03-2020,Germany,1040,0,18
08-03-2020,India,39,0,3
08-03-2020,Japan,499,8,76
08-03-2020,Singapore,150,0,78
08-03-2020,South Korea,7314,50,118
08-03-2020,US,451,21,7
09-03-2020,Australia,91,3,21
09-03-2020,China,80860,3123,57250
09-03-2020,Germany,1176,2,18
09-03-2020,India,43,0,3
09-03-2020,Japan,527,10,76
09-03-2020,Singapore,150,0,78
09-03-2020,South Korea,7478,53,118
09-03-2020,US,519,22,7
10-03-2020,Australia,107,3,21
10-03-2020,China,80887,3139,58627
10-03-2020,Germany,1457,2,18
10-03-2020,India,56,0,4
10-03-2020,Japan,585,13,101
10-03-2020,Singapore,160,0,78
10-03-2020,South Korea,7513,54,247
10-03-2020,US,711,28,8
11-03-2020,Australia,128,3,21
11-03-2020,China,80921,3161,60088
11-03-2020,Germany,1908,3,25
11-03-2020,India,62,1,4
11-03-2020,Japan,640,15,118
11-03-2020,Singapore,178,0,96
11-03-2020,South Korea,7755,60,288
11-03-2020,US,1109,33,8
12-03-2020,Australia,128,3,21
12-03-2020,China,80932,3172,61344
12-03-2020,Germany,2078,3,25
12-03-2020,India,73,1,4
12-03-2020,Japan,696,19,118
12-03-2020,Singapore,178,0,96
12-03-2020,South Korea,7869,66,333
12-03-2020,US,1561,43,12
13-03-2020,Australia,200,3,23
13-03-2020,China,80945,3180,62637
13-03-2020,Germany,3675,7,46
13-03-2020,India,82,2,4
13-03-2020,Japan,733,21,118
13-03-2020,Singapore,200,0,97
13-03-2020,South Korea,7979,66,510
13-03-2020,US,2157,52,12
14-03-2020,Australia,250,3,23
14-03-2020,China,80977,3193,64100
14-03-2020,Germany,4585,9,46
14-03-2020,India,102,2,4
14-03-2020,Japan,795,22,118
14-03-2020,Singapore,212,0,105
14-03-2020,South Korea,8086,72,510
14-03-2020,US,2870,58,12
15-03-2020,Australia,297,3,23
15-03-2020,China,81003,3203,65457
15-03-2020,Germany,5795,11,46
15-03-2020,India,113,2,13
15-03-2020,Japan,826,24,118
15-03-2020,Singapore,226,0,105
15-03-2020,South Korea,8162,75,510
15-03-2020,US,2968,70,12
16-03-2020,Australia,377,3,23
16-03-2020,China,81033,3217,66350
16-03-2020,Germany,7272,17,67
16-03-2020,India,119,2,13
16-03-2020,Japan,843,30,144
16-03-2020,Singapore,243,0,109
16-03-2020,South Korea,8236,75,1137
16-03-2020,US,4360,97,17
17-03-2020,Australia,452,5,23
17-03-2020,China,81058,3230,67238
17-03-2020,Germany,9257,24,67
17-03-2020,India,142,3,14
17-03-2020,Japan,893,30,144
17-03-2020,Singapore,266,0,114
17-03-2020,South Korea,8320,81,1407
17-03-2020,US,6141,131,17
18-03-2020,Australia,568,6,23
18-03-2020,China,81102,3241,68195
18-03-2020,Germany,12327,28,105
18-03-2020,India,156,3,14
18-03-2020,Japan,928,32,144
18-03-2020,Singapore,313,0,114
18-03-2020,South Korea,8413,84,1540
18-03-2020,US,8917,188,105
19-03-2020,Australia,681,6,26
19-03-2020,China,81156,3249,68975
19-03-2020,Germany,15320,44,113
19-03-2020,India,194,4,15
19-03-2020,Japan,968,33,150
19-03-2020,Singapore,345,0,114
19-03-2020,South Korea,8565,91,1540
19-03-2020,US,14157,265,121
20-03-2020,Australia,791,7,26
20-03-2020,China,81250,3253,69706
20-03-2020,Germany,19848,67,180
20-03-2020,India,244,5,20
20-03-2020,Japan,1022,34,191
20-03-2020,Singapore,385,0,124
20-03-2020,South Korea,8652,94,1540
20-03-2020,US,19479,362,147
21-03-2020,Australia,1071,7,26
21-03-2020,China,81305,3259,70297
21-03-2020,Germany,22213,84,233
21-03-2020,India,330,4,23
21-03-2020,Japan,1059,36,232
21-03-2020,Singapore,432,2,140
21-03-2020,South Korea,8799,102,1540
21-03-2020,US,25825,456,176
22-03-2020,Australia,1549,7,88
22-03-2020,China,81435,3274,70802
22-03-2020,Germany,24873,94,266
22-03-2020,India,396,7,27
22-03-2020,Japan,1104,40,235
22-03-2020,Singapore,455,2,144
22-03-2020,South Korea,8961,111,2909
22-03-2020,US,33761,601,178
23-03-2020,Australia,1682,7,88
23-03-2020,China,81498,3274,71254
23-03-2020,Germany,29056,123,266
23-03-2020,India,499,10,27
23-03-2020,Japan,1144,41,235
23-03-2020,Singapore,509,2,144
23-03-2020,South Korea,8961,111,2909
23-03-2020,US,43850,784,178
24-03-2020,Australia,2044,8,115
24-03-2020,China,81591,3281,71720
24-03-2020,Germany,32986,157,3243
24-03-2020,India,536,10,40
24-03-2020,Japan,1217,42,285
24-03-2020,Singapore,558,2,156
24-03-2020,South Korea,9037,120,3507
24-03-2020,US,54112,1021,348
25-03-2020,Australia,2364,8,119
25-03-2020,China,81661,3285,72213
25-03-2020,Germany,37323,206,3547
25-03-2020,India,657,12,43
25-03-2020,Japan,1314,45,310
25-03-2020,Singapore,631,2,160
25-03-2020,South Korea,9137,126,3730
25-03-2020,US,66055,1333,361
26-03-2020,Australia,2810,13,172
26-03-2020,China,81782,3291,72621
26-03-2020,Germany,43938,267,5673
26-03-2020,India,727,20,45
26-03-2020,Japan,1416,47,359
26-03-2020,Singapore,683,2,172
26-03-2020,South Korea,9241,131,4144
26-03-2020,US,84091,1746,681
27-03-2020,Australia,3143,13,194
27-03-2020,China,81897,3296,73160
27-03-2020,Germany,50871,342,6658
27-03-2020,India,887,20,73
27-03-2020,Japan,1530,53,372
27-03-2020,Singapore,732,2,183
27-03-2020,South Korea,9332,139,4528
27-03-2020,US,102276,2300,869
28-03-2020,Australia,3640,14,244
28-03-2020,China,81999,3299,73539
28-03-2020,Germany,57695,433,8481
28-03-2020,India,987,24,84
28-03-2020,Japan,1728,56,404
28-03-2020,Singapore,802,2,198
28-03-2020,South Korea,9478,144,4811
28-03-2020,US,122069,2934,1072
29-03-2020,Australia,3984,16,244
29-03-2020,China,82122,3304,74021
29-03-2020,Germany,62095,533,9211
29-03-2020,India,1024,27,95
29-03-2020,Japan,1907,63,424
29-03-2020,Singapore,844,3,212
29-03-2020,South Korea,9583,152,5033
29-03-2020,US,141205,3561,2665
30-03-2020,Australia,4361,17,257
30-03-2020,China,82198,3308,74362
30-03-2020,Germany,66885,645,13500
30-03-2020,India,1251,32,102
30-03-2020,Japan,2001,65,424
30-03-2020,Singapore,879,3,228
30-03-2020,South Korea,9661,158,5228
30-03-2020,US,162707,4381,5644
31-03-2020,Australia,4559,18,358
31-03-2020,China,82279,3309,74645
31-03-2020,Germany,71808,775,16100
31-03-2020,India,1397,35,123
31-03-2020,Japan,2255,67,424
31-03-2020,Singapore,926,3,240
31-03-2020,South Korea,9786,162,5408
31-03-2020,US,188724,5605,7024
01-04-2020,Australia,4862,20,422
01-04-2020,China,82361,3316,74844
01-04-2020,Germany,77872,920,18700
01-04-2020,India,1998,58,148
01-04-2020,Japan,2535,72,472
01-04-2020,Singapore,1000,3,245
01-04-2020,South Korea,9887,165,5567
01-04-2020,US,214205,6846,8474
02-04-2020,Australia,5116,24,520
02-04-2020,China,82432,3322,75004
02-04-2020,Germany,84794,1107,22440
02-04-2020,India,2543,72,191
02-04-2020,Japan,2818,75,472
02-04-2020,Singapore,1049,4,266
02-04-2020,South Korea,9976,169,5828
02-04-2020,US,244610,8432,9001
03-04-2020,Australia,5330,28,649
03-04-2020,China,82511,3326,75199
03-04-2020,Germany,91159,1275,24575
03-04-2020,India,2567,72,192
03-04-2020,Japan,3154,81,514
03-04-2020,Singapore,1114,5,282
03-04-2020,South Korea,10062,174,6021
03-04-2020,US,276547,9747,9707
04-04-2020,Australia,5550,30,701
04-04-2020,China,82543,3330,75385
04-04-2020,Germany,96092,1444,26400
04-04-2020,India,3082,86,229
04-04-2020,Japan,3525,87,514
04-04-2020,Singapore,1189,6,297
04-04-2020,South Korea,10156,177,6325
04-04-2020,US,309699,11031,14652
05-04-2020,Australia,5687,35,757
05-04-2020,China,82602,3333,75646
05-04-2020,Germany,100123,1584,28700
05-04-2020,India,3588,99,229
05-04-2020,Japan,3876,93,514
05-04-2020,Singapore,1309,6,320
05-04-2020,South Korea,10237,183,6463
05-04-2020,US,337573,12470,17448
06-04-2020,Australia,5797,40,1080
06-04-2020,China,82665,3335,75748
06-04-2020,Germany,103374,1810,28700
06-04-2020,India,4778,136,375
06-04-2020,Japan,4110,96,575
06-04-2020,Singapore,1375,6,344
06-04-2020,South Korea,10284,186,6598
06-04-2020,US,367215,14138,19581
07-04-2020,Australia,5895,45,1080
07-04-2020,China,82718,3335,75846
07-04-2020,Germany,107663,2016,36081
07-04-2020,India,5311,150,421
07-04-2020,Japan,4485,98,592
07-04-2020,Singapore,1481,6,377
07-04-2020,South Korea,10331,192,6694
07-04-2020,US,397992,16447,21763
08-04-2020,Australia,6010,50,1080
08-04-2020,China,82809,3337,76003
08-04-2020,Germany,113296,2349,46300
08-04-2020,India,5916,178,506
08-04-2020,Japan,5020,105,622
08-04-2020,Singapore,1623,6,406
08-04-2020,South Korea,10384,200,6776
08-04-2020,US,429686,18563,23559
09-04-2020,Australia,6108,51,1472
09-04-2020,China,82883,3339,76114
09-04-2020,Germany,118181,2607,52407
09-04-2020,India,6725,226,620
09-04-2020,Japan,5614,113,632
09-04-2020,Singapore,1910,6,460
09-04-2020,South Korea,10423,204,6973
09-04-2020,US,464442,20638,25410
10-04-2020,Australia,6215,54,1793
10-04-2020,China,82941,3340,76226
10-04-2020,Germany,122171,2767,53913
10-04-2020,India,7598,246,774
10-04-2020,Japan,6250,125,685
10-04-2020,Singapore,2108,7,492
10-04-2020,South Korea,10450,208,7117
10-04-2020,US,497943,22731,28790
11-04-2020,Australia,6303,57,1806
11-04-2020,China,83014,3343,76312
11-04-2020,Germany,124908,2736,57400
11-04-2020,India,8446,288,969
11-04-2020,Japan,6951,138,762
11-04-2020,Singapore,2299,8,528
11-04-2020,South Korea,10480,211,7243
11-04-2020,US,527969,24777,31270
12-04-2020,Australia,6315,60,1806
12-04-2020,China,83134,3343,76390
12-04-2020,Germany,127854,3022,60300
12-04-2020,India,9205,331,1080
12-04-2020,Japan,7473,147,762
12-04-2020,Singapore,2532,8,560
12-04-2020,South Korea,10512,214,7368
12-04-2020,US,556522,26548,32988
13-04-2020,Australia,6351,61,1806
13-04-2020,China,83213,3345,76473
13-04-2020,Germany,130072,3194,64300
13-04-2020,India,10453,358,1181
13-04-2020,Japan,7773,156,784
13-04-2020,Singapore,2918,9,586
13-04-2020,South Korea,10537,217,7447
13-04-2020,US,581813,28376,43482
14-04-2020,Australia,6415,62,2186
14-04-2020,China,83306,3345,76632
14-04-2020,Germany,131359,3294,68200
14-04-2020,India,11487,393,1359
14-04-2020,Japan,8277,170,799
14-04-2020,Singapore,3252,10,611
14-04-2020,South Korea,10564,222,7534
14-04-2020,US,608878,30780,47763
15-04-2020,Australia,6440,63,2186
15-04-2020,China,83356,3346,76743
15-04-2020,Germany,134753,3804,72600
15-04-2020,India,12322,405,1432
15-04-2020,Japan,8835,186,853
15-04-2020,Singapore,3699,10,652
15-04-2020,South Korea,10591,225,7616
15-04-2020,US,637974,33329,52096
16-04-2020,Australia,6462,63,2355
16-04-2020,China,83403,3346,76832
16-04-2020,Germany,137698,4052,77000
16-04-2020,India,13430,448,1768
16-04-2020,Japan,9398,204,901
16-04-2020,Singapore,4427,10,683
16-04-2020,South Korea,10613,229,7757
16-04-2020,US,669272,35442,54703
17-04-2020,Australia,6522,66,3808
17-04-2020,China,83760,4636,75982
17-04-2020,Germany,141397,4352,83114
17-04-2020,India,14352,486,2041
17-04-2020,Japan,9958,217,935
17-04-2020,Singapore,5050,11,708
17-04-2020,South Korea,10635,230,7829
17-04-2020,US,701996,38056,58545
18-04-2020,Australia,6568,67,4124
18-04-2020,China,83787,4636,76044
18-04-2020,Germany,143342,4459,85400
18-04-2020,India,15722,521,2463
18-04-2020,Japan,10548,236,1069
18-04-2020,Singapore,5992,11,740
18-04-2020,South Korea,10653,232,7937
18-04-2020,US,730337,40442,64840
19-04-2020,Australia,6610,67,4124
19-04-2020,China,83805,4636,76120
19-04-2020,Germany,145184,4586,88000
19-04-2020,India,17615,559,2854
19-04-2020,Japan,10914,255,1159
19-04-2020,Singapore,6588,11,768
19-04-2020,South Korea,10661,234,8042
19-04-2020,US,756375,41671,70337
20-04-2020,Australia,6623,67,4291
20-04-2020,China,83817,4636,76174
20-04-2020,Germany,147065,4862,91500
20-04-2020,India,18539,592,3273
20-04-2020,Japan,11258,275,1159
20-04-2020,Singapore,8014,11,801
20-04-2020,South Korea,10674,236,8114
20-04-2020,US,783716,43466,72329
21-04-2020,Australia,6645,67,4695
21-04-2020,China,83853,4636,76228
21-04-2020,Germany,148291,5033,95200
21-04-2020,India,20080,645,3975
21-04-2020,Japan,11641,303,1239
21-04-2020,Singapore,9125,11,839
21-04-2020,South Korea,10683,237,8213
21-04-2020,US,809318,45923,75204
22-04-2020,Australia,6652,67,4932
22-04-2020,China,83868,4636,76290
22-04-2020,Germany,150648,5279,99400
22-04-2020,India,21370,681,4370
22-04-2020,Japan,12037,323,1356
22-04-2020,Singapore,10141,12,896
22-04-2020,South Korea,10694,238,8277
22-04-2020,US,837422,48312,77366
23-04-2020,Australia,6662,75,5047
23-04-2020,China,83884,4636,76412
23-04-2020,Germany,153129,5575,103300
23-04-2020,India,23077,721,5012
23-04-2020,Japan,12469,351,1494
23-04-2020,Singapore,11178,12,924
23-04-2020,South Korea,10708,240,8501
23-04-2020,US,871617,50749,80203
24-04-2020,Australia,6677,79,5136
24-04-2020,China,83899,4636,76537
24-04-2020,Germany,154999,5760,109800
24-04-2020,India,24530,780,5498
24-04-2020,Japan,12854,360,1530
24-04-2020,Singapore,12075,12,956
24-04-2020,South Korea,10718,240,8635
24-04-2020,US,907908,52867,99079
25-04-2020,Australia,6694,80,5376
25-04-2020,China,83909,4636,76603
25-04-2020,Germany,156513,5877,109800
25-04-2020,India,26283,825,5939
25-04-2020,Japan,13186,379,1656
25-04-2020,Singapore,12693,12,1002
25-04-2020,South Korea,10728,242,8717
25-04-2020,US,940829,54517,100372
26-04-2020,Australia,6714,83,5541
26-04-2020,China,83912,4637,76705
26-04-2020,Germany,157770,5976,112000
26-04-2020,India,27890,881,6523
26-04-2020,Japan,13405,395,1809
26-04-2020,Singapore,13624,12,1060
26-04-2020,South Korea,10738,243,8764
26-04-2020,US,968518,55810,106988
27-04-2020,Australia,6721,83,5588
27-04-2020,China,83918,4637,76802
27-04-2020,Germany,158758,6126,114500
27-04-2020,India,29451,939,7137
27-04-2020,Japan,13576,417,1899
27-04-2020,Singapore,14423,14,1095
27-04-2020,South Korea,10752,244,8854
27-04-2020,US,990983,57235,111424
28-04-2020,Australia,6744,89,5665
28-04-2020,China,83940,4637,76850
28-04-2020,Germany,159912,6314,117400
28-04-2020,India,31324,1008,7747
28-04-2020,Japan,13860,436,1899
28-04-2020,Singapore,14951,14,1128
28-04-2020,South Korea,10761,246,8922
28-04-2020,US,1015518,59454,115936
29-04-2020,Australia,6752,91,5715
29-04-2020,China,83944,4637,76902
29-04-2020,Germany,161539,6467,120400
29-04-2020,India,33062,1079,8437
29-04-2020,Japan,14076,454,2368
29-04-2020,Singapore,15641,14,1188
29-04-2020,South Korea,10765,247,9059
29-04-2020,US,1043038,61960,120720
30-04-2020,Australia,6766,93,5742
30-04-2020,China,83956,4637,76951
30-04-2020,Germany,163009,6623,123500
30-04-2020,India,34863,1154,9068
30-04-2020,Japan,14284,481,2460
30-04-2020,Singapore,16169,15,1244
30-04-2020,South Korea,10774,248,9072
30-04-2020,US,1072667,64256,153947
01-05-2020,Australia,6778,93,5775
01-05-2020,China,83959,4637,77001
01-05-2020,Germany,164077,6736,126900
01-05-2020,India,37257,1223,10007
01-05-2020,Japan,14558,510,2975
01-05-2020,Singapore,17101,16,1268
01-05-2020,South Korea,10780,250,9123
01-05-2020,US,1106829,66125,164015
02-05-2020,Australia,6799,94,5814
02-05-2020,China,83959,4637,77014
02-05-2020,Germany,164967,6812,129000
02-05-2020,India,39699,1323,10819
02-05-2020,Japan,14861,536,3205
02-05-2020,Singapore,17548,17,1347
02-05-2020,South Korea,10793,250,9183
02-05-2020,US,1136024,67681,175382
03-05-2020,Australia,6822,95,5849
03-05-2020,China,83964,4637,77112
03-05-2020,Germany,165664,6866,130600
03-05-2020,India,42505,1391,11775
03-05-2020,Japan,15061,560,3981
03-05-2020,Singapore,18205,18,1408
03-05-2020,South Korea,10801,252,9217
03-05-2020,US,1161611,68777,180152
04-05-2020,Australia,6847,96,5887
04-05-2020,China,83966,4637,77218
04-05-2020,Germany,166152,6993,132700
04-05-2020,India,46437,1566,12847
04-05-2020,Japan,15229,582,4156
04-05-2020,Singapore,18778,18,1457
04-05-2020,South Korea,10804,254,9283
04-05-2020,US,1184086,70086,187180
05-05-2020,Australia,6875,97,5975
05-05-2020,China,83968,4637,77296
05-05-2020,Germany,167007,6993,135100
05-05-2020,India,49400,1693,14142
05-05-2020,Japan,15354,593,4496
05-05-2020,Singapore,19410,18,1519
05-05-2020,South Korea,10806,255,9333
05-05-2020,US,1208271,72393,189791
06-05-2020,Australia,6894,97,6031
06-05-2020,China,83970,4637,77355
06-05-2020,Germany,168162,7275,139900
06-05-2020,India,52987,1785,15331
06-05-2020,Japan,15455,605,4496
06-05-2020,Singapore,20198,20,1634
06-05-2020,South Korea,10810,256,9419
06-05-2020,US,1233527,74851,189910
07-05-2020,Australia,6913,97,6078
07-05-2020,China,83975,4637,77403
07-05-2020,Germany,169430,7392,141700
07-05-2020,India,56351,1889,16776
07-05-2020,Japan,15553,617,4918
07-05-2020,Singapore,20939,20,1712
07-05-2020,South Korea,10822,256,9484
07-05-2020,US,1261409,76770,195036
08-05-2020,Australia,6918,97,6122
08-05-2020,China,83976,4637,77419
08-05-2020,Germany,170588,7510,141700
08-05-2020,India,59695,1985,17887
08-05-2020,Japan,15640,634,5146
08-05-2020,Singapore,21707,20,2040
08-05-2020,South Korea,10840,256,9568
08-05-2020,US,1288587,78497,198993
09-05-2020,Australia,6939,97,6141
09-05-2020,China,83990,4637,77552
09-05-2020,Germany,171324,7549,143300
09-05-2020,India,62808,2101,19301
09-05-2020,Japan,15755,654,5906
09-05-2020,Singapore,22460,20,2296
09-05-2020,South Korea,10874,256,9610
09-05-2020,US,1314320,79976,212534
10-05-2020,Australia,6948,97,6167
10-05-2020,China,84010,4637,77592
10-05-2020,Germany,171879,7569,144400
10-05-2020,India,67161,2212,20969
10-05-2020,Japan,15824,666,8127
10-05-2020,Singapore,23336,20,2721
10-05-2020,South Korea,10909,256,9632
10-05-2020,US,1334084,80855,216169
11-05-2020,Australia,6970,97,6213
11-05-2020,China,84011,4637,77623
11-05-2020,Germany,172576,7661,145617
11-05-2020,India,70768,2294,22549
11-05-2020,Japan,15861,685,8293
11-05-2020,Singapore,23822,21,3225
11-05-2020,South Korea,10936,258,9670
11-05-2020,US,1352962,81868,232733
12-05-2020,Australia,6980,98,6270
12-05-2020,China,84018,4637,77647
12-05-2020,Germany,173171,7738,147200
12-05-2020,India,74292,2415,24420
12-05-2020,Japan,15948,707,8531
12-05-2020,Singapore,24671,21,3851
12-05-2020,South Korea,10962,259,9695
12-05-2020,US,1375152,83483,230287
13-05-2020,Australia,6989,98,6297
13-05-2020,China,84024,4637,77671
13-05-2020,Germany,174098,7861,148700
13-05-2020,India,78055,2551,26400
13-05-2020,Japan,15998,726,8920
13-05-2020,Singapore,25346,21,4809
13-05-2020,South Korea,10991,260,9762
13-05-2020,US,1396110,85234,243430
14-05-2020,Australia,7019,98,6334
14-05-2020,China,84029,4637,77686
14-05-2020,Germany,174478,7884,150300
14-05-2020,India,81997,2649,27969
14-05-2020,Japan,16096,742,9868
14-05-2020,Singapore,26098,21,5973
14-05-2020,South Korea,11018,260,9821
14-05-2020,US,1423727,87008,246414
15-05-2020,Australia,7035,98,6359
15-05-2020,China,84038,4637,77706
15-05-2020,Germany,175233,7897,151597
15-05-2020,India,85784,2753,30258
15-05-2020,Japan,16148,760,10338
15-05-2020,Singapore,26891,21,7248
15-05-2020,South Korea,11037,262,9851
15-05-2020,US,1449027,88669,250747
16-05-2020,Australia,7044,98,6364
16-05-2020,China,84044,4638,77718
16-05-2020,Germany,175752,7938,152600
16-05-2020,India,90648,2871,34224
16-05-2020,Japan,16202,778,10338
16-05-2020,Singapore,27356,22,8342
16-05-2020,South Korea,11050,262,9888
16-05-2020,US,1474128,89892,268376
17-05-2020,Australia,7054,99,6392
17-05-2020,China,84054,4638,77730
17-05-2020,Germany,176369,7962,154011
17-05-2020,India,95698,3025,36795
17-05-2020,Japan,16226,787,11153
17-05-2020,Singapore,28038,22,9340
17-05-2020,South Korea,11065,263,9904
17-05-2020,US,1493132,90644,272265
18-05-2020,Australia,7068,99,6413
18-05-2020,China,84063,4638,77734
18-05-2020,Germany,176551,8003,155041
18-05-2020,India,100328,3156,39233
18-05-2020,Japan,16259,796,11564
18-05-2020,Singapore,28343,22,9835
18-05-2020,South Korea,11078,263,9938
18-05-2020,US,1514901,91414,283178
19-05-2020,Australia,7072,100,6431
19-05-2020,China,84063,4638,77734
19-05-2020,Germany,177778,8081,155681
19-05-2020,India,106475,3302,42309
19-05-2020,Japan,16287,805,11564
19-05-2020,Singapore,28794,22,10365
19-05-2020,South Korea,11110,263,10066
19-05-2020,US,1535350,92965,289392
20-05-2020,Australia,7081,100,6470
20-05-2020,China,84063,4638,77734
20-05-2020,Germany,178473,8144,156966
20-05-2020,India,112028,3434,45422
20-05-2020,Japan,16321,818,11564
20-05-2020,Singapore,29364,22,11207
20-05-2020,South Korea,11122,264,10135
20-05-2020,US,1559157,94533,294312
21-05-2020,Australia,7095,101,6478
21-05-2020,China,84063,4638,77734
21-05-2020,Germany,179021,8203,158087
21-05-2020,India,118226,3584,48553
21-05-2020,Japan,16362,826,12672
21-05-2020,Singapore,29812,23,12117
21-05-2020,South Korea,11142,264,10162
21-05-2020,US,1584512,95756,298418
22-05-2020,Australia,7099,101,6485
22-05-2020,China,84081,4638,77756
22-05-2020,Germany,179710,8228,159064
22-05-2020,India,124794,3726,51824
22-05-2020,Japan,16385,836,13005
22-05-2020,Singapore,30426,23,12995
22-05-2020,South Korea,11165,266,10194
22-05-2020,US,1608653,97025,350135
23-05-2020,Australia,7114,102,6508
23-05-2020,China,84084,4638,77759
23-05-2020,Germany,179986,8261,159716
23-05-2020,India,131423,3868,54385
23-05-2020,Japan,16410,845,13244
23-05-2020,Singapore,31068,23,13882
23-05-2020,South Korea,11190,266,10213
23-05-2020,US,1630476,98146,361239
24-05-2020,Australia,7114,102,6531
24-05-2020,China,84095,4638,77767
24-05-2020,Germany,180328,8283,160281
24-05-2020,India,138536,4024,57692
24-05-2020,Japan,16451,852,13413
24-05-2020,Singapore,31616,23,14876
24-05-2020,South Korea,11206,267,10226
24-05-2020,US,1651289,98754,366736
25-05-2020,Australia,7126,102,6552
25-05-2020,China,84102,4638,77776
25-05-2020,Germany,180600,8309,161199
25-05-2020,India,144950,4172,60706
25-05-2020,Japan,16472,857,13612
25-05-2020,Singapore,31960,23,15738
25-05-2020,South Korea,11225,269,10275
25-05-2020,US,1670280,99267,379157
26-05-2020,Australia,7139,103,6560
26-05-2020,China,84103,4638,77782
26-05-2020,Germany,181200,8372,161967
26-05-2020,India,150793,4344,64277
26-05-2020,Japan,16502,863,13810
26-05-2020,Singapore,32343,23,16444
26-05-2020,South Korea,11265,269,10295
26-05-2020,US,1689163,99952,384902
27-05-2020,Australia,7150,103,6579
27-05-2020,China,84106,4638,77791
27-05-2020,Germany,181524,8428,162820
27-05-2020,India,158086,4534,67749
27-05-2020,Japan,16528,870,13973
27-05-2020,Singapore,32876,23,17276
27-05-2020,South Korea,11344,269,10340
27-05-2020,US,1707445,101461,391508
28-05-2020,Australia,7165,103,6576
28-05-2020,China,84106,4638,77795
28-05-2020,Germany,182196,8470,163360
28-05-2020,India,165386,4711,70920
28-05-2020,Japan,16598,881,14096
28-05-2020,Singapore,33249,23,18294
28-05-2020,South Korea,11402,269,10363
28-05-2020,US,1730260,102643,399991
29-05-2020,Australia,7184,103,6605
29-05-2020,China,84123,4638,77806
29-05-2020,Germany,182922,8504,164245
29-05-2020,India,173491,4980,82627
29-05-2020,Japan,16673,887,14213
29-05-2020,Singapore,33860,23,19631
29-05-2020,South Korea,11441,269,10398
29-05-2020,US,1754764,103809,406446
30-05-2020,Australia,7192,103,6614
30-05-2020,China,84128,4638,77810
30-05-2020,Germany,183189,8530,164908
30-05-2020,India,181827,5185,86936
30-05-2020,Japan,16716,894,14267
30-05-2020,Singapore,34366,23,20727
30-05-2020,South Korea,11468,270,10405
30-05-2020,US,1779214,104778,416461
31-05-2020,Australia,7202,103,6618
31-05-2020,China,84146,4638,77813
31-05-2020,Germany,183410,8540,165352
31-05-2020,India,190609,5408,91852
31-05-2020,Japan,16751,898,14342
31-05-2020,Singapore,34884,23,21699
31-05-2020,South Korea,11503,271,10422
31-05-2020,US,1799124,105364,444758
01-06-2020,Australia,7221,102,6626
01-06-2020,China,84154,4638,77822
01-06-2020,Germany,183594,8555,165632
01-06-2020,India,198370,5608,95754
01-06-2020,Japan,16787,899,14463
01-06-2020,Singapore,35292,24,22466
01-06-2020,South Korea,11541,272,10446
01-06-2020,US,1816479,106136,458231
02-06-2020,Australia,7229,102,6636
02-06-2020,China,84161,4638,77824
02-06-2020,Germany,183879,8563,166609
02-06-2020,India,207191,5829,100285
02-06-2020,Japan,16837,902,14585
02-06-2020,Singapore,35836,24,23175
02-06-2020,South Korea,11590,273,10467
02-06-2020,US,1837374,107169,463868
03-06-2020,Australia,7240,102,6648
03-06-2020,China,84160,4638,77828
03-06-2020,Germany,184121,8602,167453
03-06-2020,India,216824,6088,104071
03-06-2020,Japan,16867,905,14702
03-06-2020,Singapore,36405,24,23582
03-06-2020,South Korea,11629,273,10499
03-06-2020,US,1857332,108159,479258
04-06-2020,Australia,7247,102,6683
04-06-2020,China,84171,4638,77839
04-06-2020,Germany,184472,8635,167909
04-06-2020,India,226713,6363,108450
04-06-2020,Japan,16911,911,14785
04-06-2020,Singapore,36922,24,23904
04-06-2020,South Korea,11668,273,10506
04-06-2020,US,1878683,109168,485002
05-06-2020,Australia,7252,102,6688
05-06-2020,China,84177,4638,77844
05-06-2020,Germany,184924,8658,168480
05-06-2020,India,236184,6649,113233
05-06-2020,Japan,16958,916,14925
05-06-2020,Singapore,37183,24,24209
05-06-2020,South Korea,11719,273,10531
05-06-2020,US,1903907,110138,491706
06-06-2020,Australia,7259,102,6703
06-06-2020,China,84186,4638,77848
06-06-2020,Germany,185450,8673,168958
06-06-2020,India,246622,6946,118695
06-06-2020,Japan,17000,915,14927
06-06-2020,Singapore,37527,25,24559
06-06-2020,South Korea,11776,273,10552
06-06-2020,US,1926639,110818,500849
07-06-2020,Australia,7265,102,6706
07-06-2020,China,84191,4638,77858
07-06-2020,Germany,185750,8685,169224
07-06-2020,India,257486,7207,123848
07-06-2020,Japan,17039,917,14990
07-06-2020,Singapore,37910,25,24886
07-06-2020,South Korea,11814,273,10563
07-06-2020,US,1944370,111269,506367
08-06-2020,Australia,7267,102,6720
08-06-2020,China,84195,4638,77868
08-06-2020,Germany,186109,8695,169556
08-06-2020,India,265928,7473,129095
08-06-2020,Japan,17060,920,15043
08-06-2020,Singapore,38296,25,25368
08-06-2020,South Korea,11852,274,10589
08-06-2020,US,1961785,111774,518522
09-06-2020,Australia,7274,102,6740
09-06-2020,China,84198,4638,77875
09-06-2020,Germany,186506,8736,170129
09-06-2020,India,276146,7750,134670
09-06-2020,Japan,17111,920,15141
09-06-2020,Singapore,38514,25,25877
09-06-2020,South Korea,11902,276,10611
09-06-2020,US,1979912,112714,524855
10-06-2020,Australia,7285,102,6759
10-06-2020,China,84209,4638,77880
10-06-2020,Germany,186522,8752,170630
10-06-2020,India,286605,8102,135206
10-06-2020,Japan,17146,922,15217
10-06-2020,Singapore,38965,25,26532
10-06-2020,South Korea,11947,276,10654
10-06-2020,US,2000706,113631,533504
11-06-2020,Australia,7289,102,6782
11-06-2020,China,84216,4638,77888
11-06-2020,Germany,186691,8772,170961
11-06-2020,India,297535,8498,147195
11-06-2020,Japan,17187,922,15233
11-06-2020,Singapore,39387,25,27286
11-06-2020,South Korea,12003,277,10669
11-06-2020,US,2023656,114512,540292
12-06-2020,Australia,7294,102,6803
12-06-2020,China,84228,4638,77896
12-06-2020,Germany,187226,8783,171535
12-06-2020,India,308993,8884,154330
12-06-2020,Japan,17250,924,15362
12-06-2020,Singapore,39850,25,28040
12-06-2020,South Korea,12051,277,10691
12-06-2020,US,2048986,115334,547386
13-06-2020,Australia,7320,102,6838
13-06-2020,China,84286,4638,77899
13-06-2020,Germany,187267,8793,171970
13-06-2020,India,320922,9195,162379
13-06-2020,Japan,17293,927,15458
13-06-2020,Singapore,40197,26,28808
13-06-2020,South Korea,12085,277,10718
13-06-2020,US,2074542,116084,556606
14-06-2020,Australia,7335,102,6851
14-06-2020,China,84335,4638,77906
14-06-2020,Germany,187518,8801,172089
14-06-2020,India,332424,9520,169798
14-06-2020,Japan,17369,927,15514
14-06-2020,Singapore,40604,26,29589
14-06-2020,South Korea,12121,277,10730
14-06-2020,US,2094366,116382,561816
15-06-2020,Australia,7347,102,6856
15-06-2020,China,84378,4638,77913
15-06-2020,Germany,187682,8807,172692
15-06-2020,India,343091,9900,180013
15-06-2020,Japan,17439,929,15567
15-06-2020,Singapore,40818,26,30366
15-06-2020,South Korea,12155,278,10760
15-06-2020,US,2114026,116773,576334
16-06-2020,Australia,7370,102,6861
16-06-2020,China,84422,4638,77917
16-06-2020,Germany,188252,8820,172842
16-06-2020,India,354065,11903,186935
16-06-2020,Japan,17484,934,15652
16-06-2020,Singapore,40969,26,31163
16-06-2020,South Korea,12198,279,10774
16-06-2020,US,2137731,117612,583503
17-06-2020,Australia,7391,102,6877
17-06-2020,China,84458,4638,77934
17-06-2020,Germany,188604,8851,173599
17-06-2020,India,366946,12237,194325
17-06-2020,Japan,17530,935,15753
17-06-2020,Singapore,41216,26,31938
17-06-2020,South Korea,12257,280,10800
17-06-2020,US,2163290,118363,592191
18-06-2020,Australia,7409,102,6878
18-06-2020,China,84494,4638,77939
18-06-2020,Germany,189817,8875,173847
18-06-2020,India,380532,12573,204711
18-06-2020,Japan,17588,935,15753
18-06-2020,Singapore,41473,26,32712
18-06-2020,South Korea,12306,280,10835
18-06-2020,US,2191099,119067,599115
19-06-2020,Australia,7411,102,6881
19-06-2020,China,84494,4638,77939
19-06-2020,Germany,190299,8887,173972
19-06-2020,India,395048,12948,213831
19-06-2020,Japan,17658,951,15844
19-06-2020,Singapore,41615,26,33459
19-06-2020,South Korea,12373,280,10856
19-06-2020,US,2222579,119739,606715
20-06-2020,Australia,7461,102,6896
20-06-2020,China,84553,4639,77958
20-06-2020,Germany,190670,8895,174609
20-06-2020,India,410451,13254,227728
20-06-2020,Japan,17725,955,15948
20-06-2020,Singapore,41833,26,34224
20-06-2020,South Korea,12421,280,10868
20-06-2020,US,2255328,120349,617460
21-06-2020,Australia,7474,102,6903
21-06-2020,China,84572,4639,77959
21-06-2020,Germany,191272,8895,174740
21-06-2020,India,425282,13699,237196
21-06-2020,Japan,17780,955,15948
21-06-2020,Singapore,42095,26,34942
21-06-2020,South Korea,12438,280,10881
21-06-2020,US,2281767,120604,622133
22-06-2020,Australia,7492,102,6915
22-06-2020,China,84624,4639,77970
22-06-2020,Germany,191768,8899,175143
22-06-2020,India,440215,14011,248190
22-06-2020,Japan,17820,955,15957
22-06-2020,Singapore,42313,26,35590
22-06-2020,South Korea,12484,281,10908
22-06-2020,US,2312303,121010,640198
23-06-2020,Australia,7521,103,6924
23-06-2020,China,84653,4640,77978
23-06-2020,Germany,192480,8914,175825
23-06-2020,India,456183,14476,258685
23-06-2020,Japan,17879,965,16096
23-06-2020,Singapore,42432,26,35995
23-06-2020,South Korea,12535,281,10930
23-06-2020,US,2347491,121847,647548
24-06-2020,Australia,7558,104,6931
24-06-2020,China,84673,4640,77985
24-06-2020,Germany,192871,8928,176422
24-06-2020,India,473105,14894,271697
24-06-2020,Japan,17963,967,16101
24-06-2020,Singapore,42623,26,36299
24-06-2020,South Korea,12563,282,10974
24-06-2020,US,2382426,122604,656161
25-06-2020,Australia,7595,104,6958
25-06-2020,China,84701,4641,77994
25-06-2020,Germany,193371,8940,176764
25-06-2020,India,490401,15301,285637
25-06-2020,Japan,18055,971,16142
25-06-2020,Singapore,42736,26,36604
25-06-2020,South Korea,12602,282,11172
25-06-2020,US,2422299,125026,663562
26-06-2020,Australia,7601,104,6960
26-06-2020,China,84725,4641,78000
26-06-2020,Germany,194036,8965,177149
26-06-2020,India,508953,15685,295881
26-06-2020,Japan,18162,971,16224
26-06-2020,Singapore,42955,26,36825
26-06-2020,South Korea,12653,282,11317
26-06-2020,US,2467554,125631,670809
27-06-2020,Australia,7686,104,6993
27-06-2020,China,84743,4641,78006
27-06-2020,Germany,194458,8968,177518
27-06-2020,India,528859,16095,309713
27-06-2020,Japan,18254,971,16293
27-06-2020,Singapore,43246,26,37163
27-06-2020,South Korea,12715,282,11364
27-06-2020,US,2510259,126120,679308
28-06-2020,Australia,7764,104,7007
28-06-2020,China,84757,4641,78022
28-06-2020,Germany,194693,8968,177657
28-06-2020,India,548318,16475,321723
28-06-2020,Japan,18366,972,16327
28-06-2020,Singapore,43459,26,37508
28-06-2020,South Korea,12757,282,11429
28-06-2020,US,2549864,126361,685164
29-06-2020,Australia,7834,104,7037
29-06-2020,China,84780,4641,78031
29-06-2020,Germany,195042,8976,177770
29-06-2020,India,566840,16893,334822
29-06-2020,Japan,18476,972,16388
29-06-2020,Singapore,43661,26,37985
29-06-2020,South Korea,12800,282,11537
29-06-2020,US,2590668,126711,705203
30-06-2020,Australia,7920,104,7040
30-06-2020,China,84785,4641,78044
30-06-2020,Germany,195418,8990,178100
30-06-2020,India,585481,17400,347912
30-06-2020,Japan,18615,972,16458
30-06-2020,Singapore,43907,26,38500
30-06-2020,South Korea,12850,282,11613
30-06-2020,US,2636414,127432,720631
01-07-2020,Australia,8001,104,7090
01-07-2020,China,84816,4641,78062
01-07-2020,Germany,195893,8995,179100
01-07-2020,India,604641,17834,359860
01-07-2020,Japan,18838,976,16563
01-07-2020,Singapore,44122,26,39011
01-07-2020,South Korea,12904,282,11684
01-07-2020,US,2687588,128105,729994
02-07-2020,Australia,8066,104,7130
02-07-2020,China,84830,4641,78077
02-07-2020,Germany,196370,9006,179800
02-07-2020,India,625544,18213,379892
02-07-2020,Japan,19055,977,16615
02-07-2020,Singapore,44310,26,39429
02-07-2020,South Korea,12967,282,11759
02-07-2020,US,2742049,128803,781970
03-07-2020,Australia,8260,104,7319
03-07-2020,China,84838,4641,78090
03-07-2020,Germany,196780,9010,180300
03-07-2020,India,648315,18655,394227
03-07-2020,Japan,19185,977,16721
03-07-2020,Singapore,44479,26,39769
03-07-2020,South Korea,13030,283,11811
03-07-2020,US,2795361,129442,790404
04-07-2020,Australia,8443,104,7399
04-07-2020,China,84857,4641,78115
04-07-2020,Germany,197198,9020,181000
04-07-2020,India,673165,19268,409083
04-07-2020,Japan,19461,977,16832
04-07-2020,Singapore,44664,26,40117
04-07-2020,South Korea,13091,283,11832
04-07-2020,US,2841241,129689,894325
05-07-2020,Australia,8583,106,7420
05-07-2020,China,84871,4641,78127
05-07-2020,Germany,197523,9023,181719
05-07-2020,India,697413,19693,424433
05-07-2020,Japan,19668,977,16870
05-07-2020,Singapore,44800,26,40441
05-07-2020,South Korea,13137,284,11848
05-07-2020,US,2891124,129960,906763
06-07-2020,Australia,8755,106,7455
06-07-2020,China,84889,4641,78134
06-07-2020,Germany,198064,9022,182160
06-07-2020,India,719664,20159,439934
06-07-2020,Japan,19848,978,17007
06-07-2020,Singapore,44983,26,40717
06-07-2020,South Korea,13181,285,11914
06-07-2020,US,2936077,130285,924148
07-07-2020,Australia,8886,106,7487
07-07-2020,China,84917,4641,78163
07-07-2020,Germany,198343,9032,182661
07-07-2020,India,742417,20642,456831
07-07-2020,Japan,20055,981,17057
07-07-2020,Singapore,45140,26,41002
07-07-2020,South Korea,13244,285,11970
07-07-2020,US,2996098,131480,936476
08-07-2020,Australia,9056,106,7573
08-07-2020,China,84950,4641,78209
08-07-2020,Germany,198699,9046,183153
08-07-2020,India,767296,21129,476378
08-07-2020,Japan,20261,982,17057
08-07-2020,Singapore,45298,26,41323
08-07-2020,South Korea,13293,287,12019
08-07-2020,US,3054699,132300,953462
09-07-2020,Australia,9374,106,7576
09-07-2020,China,84992,4641,78209
09-07-2020,Germany,199001,9057,183728
09-07-2020,India,793802,21604,495513
09-07-2020,Japan,20617,982,17412
09-07-2020,Singapore,45423,26,41645
09-07-2020,South Korea,13338,288,12065
09-07-2020,US,3117946,133290,969111
10-07-2020,Australia,9553,107,7733
10-07-2020,China,84992,4641,78209
10-07-2020,Germany,199332,9063,184028
10-07-2020,India,820916,22123,515386
10-07-2020,Japan,21044,982,17494
10-07-2020,Singapore,45614,26,41780
10-07-2020,South Korea,13373,288,12144
10-07-2020,US,3185737,134101,983185
11-07-2020,Australia,9797,108,7727
11-07-2020,China,85071,4641,78283
11-07-2020,Germany,199709,9070,184266
11-07-2020,India,849522,22673,534618
11-07-2020,Japan,21430,982,17494
11-07-2020,Singapore,45783,26,42026
11-07-2020,South Korea,13417,289,12178
11-07-2020,US,3245925,134777,995576
12-07-2020,Australia,9980,108,7769
12-07-2020,China,85117,4641,78314
12-07-2020,Germany,199919,9071,184414
12-07-2020,India,878254,23174,553471
12-07-2020,Japan,21841,983,17845
12-07-2020,Singapore,45961,26,42285
12-07-2020,South Korea,13479,289,12204
12-07-2020,US,3304942,135205,1006326
13-07-2020,Australia,10251,108,7835
13-07-2020,China,85117,4641,78314
13-07-2020,Germany,200180,9074,185100
13-07-2020,India,906752,23727,571460
13-07-2020,Japan,22125,984,18058
13-07-2020,Singapore,46283,26,42541
13-07-2020,South Korea,13512,289,12282
13-07-2020,US,3364157,135566,1031939
14-07-2020,Australia,10487,111,7928
14-07-2020,China,85226,4642,78373
14-07-2020,Germany,200456,9078,185100
14-07-2020,India,936181,24309,592032
14-07-2020,Japan,22437,984,18126
14-07-2020,Singapore,46630,27,42737
14-07-2020,South Korea,13551,289,12348
14-07-2020,US,3431574,136466,1049098
15-07-2020,Australia,10810,113,8035
15-07-2020,China,85246,4644,78411
15-07-2020,Germany,200890,9080,186000
15-07-2020,India,968857,24914,612768
15-07-2020,Japan,23172,984,18126
15-07-2020,Singapore,46878,27,42988
15-07-2020,South Korea,13612,291,12396
15-07-2020,US,3498902,137415,1075882
16-07-2020,Australia,11233,116,8114
16-07-2020,China,85327,4644,78444
16-07-2020,Germany,201450,9087,186400
16-07-2020,India,1003832,25602,635757
16-07-2020,Japan,23510,985,18641
16-07-2020,Singapore,47126,27,43256
16-07-2020,South Korea,13672,293,12460
16-07-2020,US,3576157,138358,1090645
17-07-2020,Australia,11441,118,8162
17-07-2020,China,85402,4645,78470
17-07-2020,Germany,202045,9088,186900
17-07-2020,India,1039084,26273,653751
17-07-2020,Japan,24104,985,18944
17-07-2020,Singapore,47453,27,43577
17-07-2020,South Korea,13711,294,12519
17-07-2020,US,3647715,139266,1107204
18-07-2020,Australia,11802,122,8274
18-07-2020,China,85418,4646,78497
18-07-2020,Germany,202426,9091,187200
18-07-2020,India,1077781,26816,677423
18-07-2020,Japan,24946,986,19211
18-07-2020,Singapore,47655,27,43833
18-07-2020,South Korea,13745,295,12556
18-07-2020,US,3711413,140119,1122720
19-07-2020,Australia,12069,123,8395
19-07-2020,China,85503,4646,78542
19-07-2020,Germany,202735,9092,187400
19-07-2020,India,1118206,27497,700087
19-07-2020,Japan,25446,986,19211
19-07-2020,Singapore,47912,27,44086
19-07-2020,South Korea,13771,296,12572
19-07-2020,US,3773260,140534,1131121
20-07-2020,Australia,12428,126,8398
20-07-2020,China,85622,4646,78567
20-07-2020,Germany,203325,9094,188070
20-07-2020,India,1155338,28082,724578
20-07-2020,Japan,25706,988,19603
20-07-2020,Singapore,48035,27,44371
20-07-2020,South Korea,13816,296,12643
20-07-2020,US,3834677,141025,1160087
21-07-2020,Australia,12894,128,8545
21-07-2020,China,85708,4648,78608
21-07-2020,Germany,203717,9099,188221
21-07-2020,India,1193078,28732,753050
21-07-2020,Japan,26463,988,20001
21-07-2020,Singapore,48434,27,44584
21-07-2020,South Korea,13879,297,12698
21-07-2020,US,3899211,142121,1182018
22-07-2020,Australia,13302,133,8770
22-07-2020,China,85906,4648,78648
22-07-2020,Germany,204276,9102,188628
22-07-2020,India,1238798,29861,782607
22-07-2020,Japan,27136,990,20482
22-07-2020,Singapore,48744,27,44795
22-07-2020,South Korea,13938,297,12758
22-07-2020,US,3970121,143316,1210849
23-07-2020,Australia,13595,139,8775
23-07-2020,China,86045,4649,78701
23-07-2020,Germany,204881,9110,189140
23-07-2020,India,1288108,30601,817209
23-07-2020,Japan,28114,992,20878
23-07-2020,Singapore,49098,27,45015
23-07-2020,South Korea,13979,298,12817
23-07-2020,US,4038816,144430,1233269
24-07-2020,Australia,13950,145,8938
24-07-2020,China,86202,4650,78745
24-07-2020,Germany,205623,9120,189696
24-07-2020,India,1337024,31358,849432
24-07-2020,Japan,28883,994,21173
24-07-2020,Singapore,49375,27,45172
24-07-2020,South Korea,14092,298,12866
24-07-2020,US,4112531,145560,1261624
25-07-2020,Australia,14403,155,9019
25-07-2020,China,86381,4652,78813
25-07-2020,Germany,206278,9124,189919
25-07-2020,India,1385635,32060,885573
25-07-2020,Japan,29684,996,21464
25-07-2020,Singapore,49888,27,45352
25-07-2020,South Korea,14150,298,12890
25-07-2020,US,4178970,146465,1279414
26-07-2020,Australia,14935,161,9174
26-07-2020,China,86570,4652,78862
26-07-2020,Germany,206667,9124,190055
26-07-2020,India,1435616,32771,917568
26-07-2020,Japan,30548,998,21606
26-07-2020,Singapore,50369,27,45521
26-07-2020,South Korea,14175,299,12905
26-07-2020,US,4233923,146935,1297863
27-07-2020,Australia,15303,167,9311
27-07-2020,China,86783,4656,78869
27-07-2020,Germany,207112,9125,190314
27-07-2020,India,1480073,33408,951166
27-07-2020,Japan,31142,998,21970
27-07-2020,Singapore,50838,27,45692
27-07-2020,South Korea,14203,300,13007
27-07-2020,US,4290259,148011,1325804
